"day_of_data","day_of_week","lane_of_travel","direction_of_travel","month_of_data","station_id","traffic_1_to_4","traffic_5_to_8","traffic_9_to_12","traffic_13_to_16","traffic_17_to_20","traffic_21_to_24","predicted_1_to_4","predicted_5_to_8","predicted_9_to_12","predicted_13_to_16","predicted_17_to_20","predicted_21_to_24","predicted_total_traffic"
1,1,7,7,1,87,27,166,254,217,109,253,"45.52978445166808","72.87161269950451","241.65941690684784","245.26188597933435","34.91306316668774","420.91224920007494","509.1818993943186"
2,2,6,7,1,25,63,32,164,204,274,106,"0.6333391645860553","27.086983616642723","102.54479534435583","310.3473660035108","114.91081991719965","441.9422833664086","1481.366834227991"
3,3,2,1,1,76,31,195,39,104,200,383,"57.87556949129768","167.78797487271416","170.7049805537009","267.54595154250376","334.5369686458481","372.2621562889923","1953.7673043490722"
4,4,5,1,1,97,64,117,147,17,378,18,"20.158073809739953","126.75792774944546","243.7108550001654","326.9151306470575","379.9042290448755","116.89217724300993","2606.76577727645"
5,5,8,7,1,24,33,49,128,305,330,374,"56.79756522424933","172.59316001563926","85.2018747746975","71.65042692636491","346.649505332846","350.3594201374764","1326.8178597245173"
6,6,7,2,1,7,44,43,87,245,291,315,"78.34748687979982","5.776500904949278","272.1787794132958","293.6998042065753","68.05934027332916","205.91683966399827","123.36923615103179"
7,7,7,7,1,34,89,95,170,159,470,310,"99.7800384831563","5.280565887913968","18.69561653749986","61.54703662498466","77.46501579199966","52.36715933292773","210.66597166446044"
8,1,7,4,1,38,27,64,111,35,214,350,"38.71886935104235","86.10863797745534","6.395401324949834","353.73011105493777","223.3471600040928","389.69954125823295","707.5157490812175"
9,2,6,7,1,93,59,195,278,75,281,289,"17.0333652908337","107.38298765033485","189.60644505287354","272.53909023297774","377.3519701486764","591.9314864754474","1533.1737644683687"
10,3,9,8,1,11,79,118,149,323,115,289,"65.37391150918474","22.338257535957396","222.43134139304493","89.6714274919594","45.27304376212632","144.14128424475413","1917.809363093557"
11,4,5,4,1,88,77,75,257,43,232,180,"55.187919901377136","60.838618073808014","229.41352328728308","29.397210294335174","177.45330034826767","379.23732633079146","2559.385913943826"
12,5,9,6,1,97,16,168,151,41,401,127,"99.05133870562771","115.5876265749983","269.44181442188375","68.06761072750996","482.52199641521213","325.19167521543346","2075.6923003233865"
13,6,8,8,1,60,39,7,202,231,239,24,"49.45529795604537","114.9486792703236","209.3070067472511","118.43033725693428","309.84141863855666","454.92189426474647","2268.873443774269"
14,7,9,9,1,73,95,14,187,233,115,237,"10.334351906388639","169.00530068597453","260.07411556335126","343.3180330851896","83.27412651261051","483.1352629034341","2923.3645275846975"
15,1,9,3,1,73,26,192,180,286,182,394,"54.28132922409274","83.59132850137989","151.0053330139878","136.9624917302695","453.8876922935259","392.6898422119367","2736.401804279831"
16,2,4,1,1,69,74,121,126,7,3,262,"8.094602169245324","144.14051242129656","257.3123355895427","207.21546689488127","197.68192030738828","278.63791152622935","2755.9759581710973"
17,3,3,3,1,19,14,173,271,348,217,302,"83.13050626121218","38.91114329693002","257.3797360335051","128.09411559690665","204.45534143304127","359.4097070420564","462.93210958346845"
18,4,1,9,1,67,92,155,34,327,67,255,"3.014901402448278","12.025498561063674","262.0895611536703","116.17949567423982","226.066815955961","30.643674872791358","1276.5056022778833"
19,5,2,9,1,16,12,49,16,296,314,248,"75.90421366858436","130.92750193356756","26.677148356806015","102.56638454253984","212.737318425664","57.4727121713549","2489.996161210587"
20,6,9,7,1,50,95,17,169,14,287,468,"90.36190675324434","81.8363847561267","43.707982840745885","1.4999289122891835","34.16312685779383","579.9092822707026","2576.93048774555"
21,7,9,8,1,74,34,154,169,32,345,28,"93.68047771073937","70.96098945086113","78.02571225550194","288.8161627501289","413.07769398128175","366.1871365770481","1583.5094080549163"
22,1,2,5,1,7,74,39,104,288,82,111,"78.8076004627146","122.94139401174124","116.18880636942414","175.67632564339806","180.18914822040688","470.8047184776977","2179.7444463730126"
23,2,2,6,1,64,42,159,5,373,149,297,"65.90352125235677","157.64339220432245","173.33807559682845","17.208970332246043","359.9812240905103","579.0794030722091","2657.8628626142377"
24,3,2,9,1,23,81,119,12,161,250,385,"37.82232483548439","162.53748412609022","101.81429268087673","211.87798143845677","153.55583137773615","554.877562125125","784.110212371985"
25,4,6,5,1,47,14,69,143,112,22,580,"44.196916764095974","124.744901736585","224.74460589545555","266.011342274299","324.3336595215308","150.2067091302514","1112.573545576124"
26,5,8,3,1,47,45,1,74,123,365,573,"7.008252619296417","11.8318483763179","236.79688066232038","241.0990687431774","198.00754580425573","554.1474888429498","395.607436596114"
27,6,8,8,1,73,33,88,6,117,312,172,"13.005115455617345","102.92199569096417","256.6357581390416","361.07612253369194","241.42570035407007","254.9171553915712","436.9704443375331"
28,7,3,7,1,4,45,154,292,34,80,527,"43.13434401013747","166.73262047257342","37.128043455844015","185.20872486933092","252.9090956782984","48.7840212694709","2163.365769556373"
29,1,9,8,1,77,15,184,105,20,5,303,"60.881864632118706","18.87489208316886","85.52792874997861","7.061616620953659","311.726443623876","505.8121172576298","43.81669366607033"
30,2,2,7,1,97,10,88,282,213,73,283,"66.99378893938245","178.28034417371555","161.9503630334853","313.0071359454446","177.93465734733687","479.17369907563113","1688.920418559762"
31,3,1,7,1,62,98,57,261,394,98,163,"19.45720795577863","151.76910393707453","162.94702309277824","299.4473749581698","428.2689674037195","22.90864065642204","1344.7781467919447"
1,4,5,4,2,34,82,44,149,109,183,191,"82.5424669888763","164.67564709816997","67.04112974030575","307.6973998338052","37.2520598260333","343.87091967214934","1161.7953060502268"
2,5,8,2,2,76,0,124,206,358,203,360,"54.95932863363231","154.98589664304797","172.73981423633407","296.41566183082284","364.9389033866716","383.60244838535806","1316.8822677210617"
3,6,1,4,2,17,14,134,55,300,149,590,"1.5126324028790106","167.23974346100061","153.2395155999308","384.96322849636897","433.26441052408256","258.6776483583215","1968.0068285861314"
4,7,9,4,2,98,69,15,187,299,218,331,"43.95848594319476","119.30135520427179","279.72126081893623","321.94841444377835","32.69857603289583","0.2707795461627249","2588.35186070411"
5,1,8,7,2,53,52,47,100,94,26,255,"15.193038539986315","149.77841180637876","251.95936746083214","121.15295007746458","146.27214935988374","501.52932374182626","1913.718502234523"
6,2,5,8,2,36,98,128,37,235,304,75,"8.314081594177203","178.065863771377","204.35144460682537","125.87412227337782","391.4681707688867","65.40304883322767","161.58839082240496"
7,3,7,1,2,39,21,105,263,183,468,217,"14.064878819301708","77.11884893676519","57.506959411307704","76.2397395083744","30.164400170805685","500.124430150671","2782.9226215358544"
8,4,5,3,2,22,26,80,35,360,248,154,"66.32972172394875","9.317427761207675","162.66657077664462","21.735299311775513","466.32609415185397","368.3673831879905","495.99670813745377"
9,5,4,7,2,8,46,90,69,266,446,10,"89.48102880702343","118.55124788592819","214.7676913619198","147.21442056604636","229.58336101913724","56.362865154182295","2421.0620398454244"
10,6,2,9,2,37,99,50,88,389,30,114,"81.36119282804762","91.71227904383919","88.74119189246838","10.161060110077225","266.71998021889243","401.14703651457705","2521.2932162088746"
11,7,7,9,2,89,32,87,143,160,69,316,"26.64572651346643","6.973996053285103","256.40562141813456","277.07915761505467","329.48432324912886","396.9104444970123","1397.6582925271389"
12,1,2,5,2,71,42,152,26,78,415,225,"43.718142178693576","8.202147547492288","109.81019208466813","353.88885329783704","445.22205493686823","87.44232699566273","174.8587095845796"
13,2,6,3,2,41,84,18,49,50,51,128,"23.953338862219574","26.965284012901325","99.66667562590318","33.60351607426031","76.33892352436433","276.6901618547478","1453.6621038937574"
14,3,5,9,2,82,94,145,26,179,27,133,"23.68748679270205","49.46922410371548","80.9289177191678","241.79304587092955","151.3572941481281","384.8620022190921","1452.2681643713236"
15,4,5,4,2,58,23,106,80,358,441,224,"75.60685830734364","120.96800054703154","242.4844094509078","23.25936410250229","266.76037690606455","426.60375328915273","1201.2642568629242"
16,5,4,1,2,31,44,34,161,326,414,466,"85.55648657217829","175.41150245571296","107.19042936775274","117.92114534407476","339.26172118039364","388.0356753472173","396.9121989643389"
17,6,3,1,2,55,86,166,166,134,182,509,"8.734467069106023","180.14025113263378","17.821287348198545","69.20486367477406","476.54835952151404","310.7397063407566","1327.4044740914471"
18,7,1,2,2,89,86,86,183,298,276,275,"23.27467608680974","144.39249386769376","277.0940797149284","341.64238402798236","361.64759337549805","250.2142015780852","323.4202446066514"
19,1,8,4,2,54,65,16,269,252,463,431,"31.581617841409624","44.77557612208338","225.973636437692","116.97507424233828","94.57246509973288","321.81681654885705","1067.1468760288374"
20,2,2,3,2,90,75,130,27,67,460,582,"79.25013023154308","62.32728090997411","8.74286825949695","259.22623243117886","76.46172441987703","188.60286610147062","2274.6370050696282"
21,3,4,7,2,87,73,113,289,321,496,435,"44.36059029010892","16.255238510355262","22.89441851600129","328.6106675840801","372.5039344477905","8.588978661004209","1396.2152292820401"
22,4,3,7,2,32,34,175,251,68,332,433,"57.6513881919643","108.81235147259913","54.26285291833523","125.08213765870804","222.94458173333587","115.09660740462854","1366.5516639602859"
23,5,4,5,2,59,3,140,106,178,110,166,"47.57181829972639","163.08422603868874","282.9961574323555","333.5814609999675","137.3293650610039","231.34552402524585","1435.5418345560624"
24,6,9,2,2,56,80,195,69,199,13,576,"19.65006943528358","22.28851424040037","129.00284048726547","234.13413351285536","273.5926258092261","266.2655702555936","131.79696915664917"
25,7,2,5,2,98,34,187,266,43,451,501,"20.132912489454434","96.27247657813322","191.21601295963885","134.23132314217145","290.9863795087405","201.6116697148113","1165.237127105558"
26,1,5,2,2,37,45,122,213,5,206,349,"83.40002503492772","137.3748109318258","152.66196895664413","204.95412830706616","384.6360012337831","238.1392275309231","934.5056065103207"
27,2,5,1,2,15,4,3,217,332,458,473,"36.24986663685922","138.743308473281","68.42208908192144","206.9941980594256","427.8291143405943","427.493129919848","2458.5374720510104"
28,3,2,8,2,82,0,96,207,85,74,97,"20.726240811645557","23.20517492322056","244.12745360577307","287.60240920154183","148.61171177919508","507.4474392516305","715.0556378628561"
29,4,3,8,2,77,60,156,1,43,139,460,"80.98893301047897","158.58401654022788","61.20318904264964","124.03177874123502","18.16237714175678","523.7870329439532","2050.2286099265984"
1,5,4,8,3,92,66,153,150,272,458,285,"48.2728311536002","56.54790406315489","138.22060888548495","389.95356193570655","483.1457190997687","366.6812153464882","534.2305117497252"
2,6,9,2,3,97,9,153,31,224,354,438,"90.45159513908277","177.2536180335544","114.42814698461932","36.67739517362145","73.85864010030357","10.94442656227146","1705.3583054842907"
3,7,1,5,3,7,18,172,3,345,449,55,"74.74871605822115","154.20187363240638","126.09150285246031","349.9729527931016","392.720625152495","204.9984912360952","2998.8992358024"
4,1,9,5,3,84,50,100,174,203,361,79,"98.05034680240396","81.4790598857686","75.44547481885702","265.53797056499025","365.666548892762","104.66875257396393","694.0557776111623"
5,2,5,7,3,72,93,125,142,311,92,198,"94.58316786950421","108.98031961492715","192.73628267636443","142.38512314019854","295.4281540864856","175.6229028432917","2529.9329392281306"
6,3,1,6,3,65,14,101,294,380,492,569,"10.774766277086488","167.069666423145","73.33629086578568","286.2905551521383","76.59214922417468","441.8968507451647","1317.025695884647"
7,4,4,6,3,46,65,182,217,95,360,514,"81.38761931142572","18.99740410861648","96.23206529697347","208.31730552390945","365.0550978443735","379.03939181857805","2647.5661457855635"
8,5,9,2,3,92,84,101,182,249,441,396,"58.84644491890805","74.88594073702457","97.44150759767469","28.81474258926002","314.6378430749374","99.97746456955684","2479.521563569603"
9,6,9,6,3,5,86,137,219,305,301,140,"47.18611065434085","160.75336372637994","201.73812613862677","29.635730097124924","498.17234924780774","510.16432363906665","2007.2439099397384"
10,7,6,2,3,24,30,71,22,135,128,159,"67.16428504655516","133.35494159474973","21.696453207955948","228.779135346194","244.09737095375428","598.7286420825219","1305.6208108733747"
11,1,1,3,3,99,2,184,205,268,476,283,"53.57377204585033","61.69184406724801","130.71729681129148","0.4163627168757067","309.96956019129055","304.38359530277654","2460.864697825015"
12,2,8,8,3,13,29,12,300,31,300,72,"38.817170821640445","97.98209230682662","179.57621884819426","146.168856282146","253.7205183836389","262.85756835177904","654.1322404984165"
13,3,6,3,3,18,7,199,262,200,160,343,"29.23121368552288","25.74924478830607","256.5338208139565","232.52297960431054","153.42817170371015","379.6081047293987","2202.3099808437855"
14,4,6,7,3,47,44,116,234,90,29,391,"0.5999034605287057","123.14057600283235","154.65544891392258","3.8392596100705667","204.6589478861781","312.5617794181196","662.1555010436606"
15,5,4,7,3,77,73,140,118,110,467,106,"35.09033110378456","97.35445214748783","258.167702045374","214.89723631037668","70.92842889208644","412.53429092793294","2048.140292807969"
16,6,3,6,3,29,83,74,263,253,378,531,"81.74822069076612","136.51833689203139","214.72075123169336","266.9558431208469","475.3006209051359","374.89563093820897","1047.8446663174682"
17,7,2,5,3,53,36,112,103,157,7,538,"79.46274797371012","111.15669742605272","151.37414125057887","357.0998025791248","448.72276449536866","404.69720982411604","664.4373835484856"
18,1,5,2,3,67,86,50,131,156,397,162,"2.275547826634494","88.05795065049891","211.89319314016322","385.98869563969265","262.2315054744574","488.7088886341565","2089.7302189457287"
19,2,1,8,3,54,35,134,36,96,152,528,"51.00717857708723","29.15779651825048","230.9368876319838","171.68562625519178","451.43554026937267","7.0632473539273155","1613.6628918204585"
20,3,3,6,3,79,82,88,127,312,37,248,"48.227176867464074","162.44233586431355","143.25457435651435","49.249665143177836","100.07104295810359","138.74007631150482","801.2525205046607"
21,4,5,9,3,2,42,55,22,282,139,326,"74.70097211329193","79.42212341792138","56.48764304686571","103.15574738655417","418.58609381962293","367.0207202738","46.39669480164621"
22,5,1,8,3,22,30,51,177,190,309,279,"52.98033114244526","49.42445733867089","177.84052632376915","97.64193332316906","170.4482315871878","57.29049861965465","1695.8612098732904"
23,6,2,4,3,96,7,25,82,125,494,132,"31.282448318826827","96.66970548885882","106.25464629848913","373.7896650219232","361.3157573295096","470.2531964923625","1948.360341131837"
24,7,3,1,3,19,23,188,94,319,277,564,"87.36570391576564","36.87718053552695","40.424699639733255","17.966447169932565","288.3546818392726","479.76685124860063","2176.86886013503"
25,1,8,2,3,21,20,143,68,80,250,396,"22.24200435797866","137.9851382480535","167.52245248050394","199.61930323889692","346.8953521043415","547.5885584434359","1594.8966765875982"
26,2,5,3,3,16,61,102,102,64,245,239,"80.25341687658984","40.81263024985411","212.3063415446724","252.52759314730048","164.09475720796164","462.8490322723578","2036.0737737442648"
27,3,2,5,3,48,49,125,108,164,21,78,"15.906867176716133","192.19729074407422","166.05551898146814","237.80733936117312","273.7599032784209","142.79213888450982","2580.426445720405"
28,4,4,2,3,84,23,44,4,79,96,416,"65.17256481415453","47.27108689719024","180.8963849513379","52.74762175481644","434.04881234247927","88.60226085600745","2359.71721138719"
29,5,9,5,3,70,85,42,140,94,440,269,"49.627483611092224","94.3681558668664","31.69371307302925","58.966638980870066","239.79510361947976","193.46943653820205","2146.72089139759"
30,6,3,5,3,74,83,130,30,13,92,245,"23.44942688411108","78.37644081996773","202.85121122634675","174.27242781295575","321.77847711007837","390.7432851782645","1736.1629116453012"
31,7,9,5,3,16,1,22,45,339,214,407,"13.839914934138765","132.0555904327435","203.56373671329618","148.33636753839943","491.829918920079","133.22436131529344","2561.4906735248824"
1,1,3,4,4,38,51,195,65,185,84,215,"57.16355541872693","94.3819943953043","290.28256986529516","213.05790904111194","455.29456864080385","346.5899675214286","2812.422859471976"
2,2,8,7,4,41,77,154,132,141,54,80,"13.378777841927935","18.664847342477064","174.75719098346485","381.14409424611335","471.274461306922","498.76455443961345","1065.3613241601574"
3,3,7,2,4,33,59,102,58,359,92,292,"64.14612641236344","183.9297503676802","190.33030149239053","109.440299654712","495.51712742515934","310.9282460004914","2598.945027937324"
4,4,1,7,4,47,53,8,101,299,410,474,"11.335138753851936","54.56682313853902","15.829706764943818","230.10161651696896","171.91596184538994","206.7856504028121","563.9659710517809"
5,5,9,6,4,5,7,135,13,7,155,390,"43.360189392312634","0.8971783370797626","191.77422297479558","134.46096909764833","64.40616878888494","564.4223488408524","1495.1473470009082"
6,6,2,9,4,73,91,2,215,269,407,444,"34.565847997489115","121.26359955220074","250.2600557632689","196.70495338492125","312.117081269386","392.5621397211564","1390.7844365317465"
7,7,9,5,4,95,89,134,157,324,452,158,"12.094905347465158","49.84811547862995","155.34965670455537","55.18171797361329","387.5032352707841","384.170014719946","1740.8575917896396"
8,1,2,4,4,14,32,26,80,315,126,595,"36.42987652039065","33.70845992108116","31.71395150474705","286.6007625868531","478.05253107406617","191.5885515398718","1897.208354346073"
9,2,1,4,4,79,75,90,16,213,15,386,"82.62857883633379","76.09265979740196","43.45256140259857","312.99964893564913","15.424357730253579","468.1608585918785","1959.3208545511131"
10,3,7,5,4,57,32,192,285,258,387,539,"88.833043647622","199.23453060444047","265.4647643626987","319.56760490711196","389.17771156416245","189.9951564849022","1961.5806430777627"
11,4,9,2,4,32,78,200,124,190,9,595,"5.96945052961847","82.47071483880634","267.40372854415494","182.64855661602974","420.9311177526074","582.2996580563638","2754.8066417596838"
12,5,4,6,4,41,42,150,160,51,79,341,"77.06867800181875","182.61285447699896","84.74090003659967","371.2818807533854","492.1590560437582","135.90620587305273","1976.8360747401398"
13,6,7,3,4,2,8,58,234,160,62,195,"13.98220890749915","62.04365777901386","175.5224422726102","262.3237634412267","411.30838846202397","437.3554969026588","2333.5432559986634"
14,7,4,1,4,29,23,190,109,345,355,54,"53.50722211603043","3.5491368160821324","214.63654591749392","9.467773109373967","317.2436142172783","162.2428203429266","1172.2887036981838"
15,1,5,9,4,23,64,72,99,82,193,511,"27.521909278228684","32.250677306684736","175.69575388618986","333.3110820933761","143.5809720683353","232.5107305329215","1843.535888299734"
16,2,2,5,4,66,62,160,272,226,301,426,"15.199260121206981","17.26881709219508","235.15792393676026","93.20568435739914","129.44799536613237","179.06511796705803","843.4962622740716"
17,3,9,2,4,12,68,35,25,11,134,552,"93.92263693293988","122.11519931274026","118.91977781547239","218.1943779193196","300.20144715177696","323.0663355354553","2460.169653804492"
18,4,7,2,4,77,71,182,65,133,429,484,"99.54828286353874","0.3996322852702461","137.06297408264038","76.50575934059592","133.93412572667611","262.9094739151331","2609.905410082081"
19,5,6,8,4,25,56,89,30,230,119,85,"26.182789897216495","28.8914307048306","298.2284019739516","386.21591179527627","172.52876477881068","454.40983935718356","1394.2049637439932"
20,6,6,6,4,38,80,70,169,272,328,496,"54.94181401454615","186.25653079095966","88.23286134388077","369.7057760739279","18.538652992986016","446.9584898582101","1819.4559017576796"
21,7,5,8,4,11,8,17,22,36,189,198,"71.76185437182158","2.6718428551770534","140.42711273618374","110.29740398998236","232.3319031553306","106.430474088656","1151.5457695772782"
22,1,9,6,4,60,13,25,10,285,176,524,"61.7523558887218","145.6322094675767","156.9685108597689","112.01275682311848","486.9656324995783","86.63442062633864","1849.4841622567876"
23,2,7,9,4,33,62,65,107,189,10,316,"86.7578565704761","122.50250867507302","26.86472251492502","350.5098438070456","176.70732493926334","139.40014800239618","1657.177723241117"
24,3,2,5,4,67,52,146,244,120,133,63,"81.12121687038668","122.67024119783588","71.18757126601535","398.5642064737734","108.19396187969093","248.09875454599114","739.0384189191209"
25,4,8,5,4,15,27,83,141,139,298,328,"47.96450267095016","45.07740455954738","188.3121003307878","144.88564939171437","96.52337794892895","79.24274404101894","1559.6376892419057"
26,5,7,1,4,49,61,169,242,5,134,421,"47.44130477018356","55.16610937095472","241.39528502696052","133.71817899161704","383.3817928555538","429.0120438293334","962.9005949766351"
27,6,5,3,4,35,90,160,84,327,74,572,"18.97973167234398","25.31279985703472","70.60287461403226","191.40404547766332","485.9946502480413","65.67957099255086","2422.8793139163918"
28,7,8,9,4,93,20,4,277,392,214,114,"99.21119700976222","126.70948904572805","194.5984875860376","350.6330756667695","53.35363758567113","83.55631115923087","912.3080784253708"
29,1,9,7,4,30,75,44,73,368,216,46,"52.113449222288544","22.454663894929272","23.02406518033502","45.1588658592847","192.36144922546274","349.0642399406024","2841.8045840406858"
30,2,4,9,4,78,71,99,75,179,42,202,"69.96482048590723","77.00969156638395","264.65120596758044","72.53678128777933","495.0396735830137","426.1365383865103","2792.5037779591935"
1,3,4,7,5,85,96,147,86,361,43,109,"38.42700380256071","84.65522030656483","132.5080787960909","209.33682654674723","308.2281116218788","553.3939070869909","109.28795343277619"
2,4,6,5,5,9,85,33,54,95,325,548,"80.25080578008516","164.67990465381922","102.1361039601172","183.27795564930497","399.46237052531086","226.72599590155846","2237.767082317822"
3,5,9,8,5,31,92,112,141,394,36,245,"72.58513557706769","9.165655864655587","87.64888045783377","352.7747484284993","411.6194711998743","543.4700643104193","499.7578420022162"
4,6,2,5,5,57,67,162,165,226,416,302,"47.24126669251093","172.90107493612743","212.92606787382442","11.951663109907118","44.06784170481698","555.2275099784649","2610.3107233160013"
5,7,5,1,5,37,89,10,219,100,264,403,"51.26962507258841","183.15072251837296","180.20493205936495","314.236119833753","54.88801689636807","519.3285974629496","84.05701307659652"
6,1,8,4,5,92,20,199,252,83,187,11,"84.46020736190664","15.844518849272182","63.53587000395581","309.0243410109706","4.571824162055371","202.01829531952302","2736.013024160288"
7,2,2,6,5,48,50,137,176,147,249,547,"12.913372943274137","90.23602711538746","173.73849107819126","388.6120216959088","190.00868414256405","103.95296705739898","1398.3197741867436"
8,3,2,3,5,18,3,132,171,189,132,250,"87.80571338328701","23.757624129549182","46.5111477658924","43.10597192911154","207.7986486592464","22.540774791316952","2612.4591735213057"
9,4,5,9,5,75,2,81,236,89,309,577,"67.58364621565389","162.58209759113896","265.12948903486466","256.2749427505388","491.8555135488975","399.99019470231883","2966.113872035671"
10,5,8,7,5,34,82,186,190,374,73,297,"47.784299742286166","118.54800734600535","256.1583055624635","383.2957906950063","294.21123034644273","591.2268859435395","327.9909889093019"
11,6,4,3,5,80,21,32,47,252,277,12,"86.25692459126114","131.73907708058857","289.98118290233344","204.60277751175568","35.40314488148494","16.58442691448816","2310.615834152483"
12,7,4,5,5,55,91,183,206,12,421,228,"9.899332667072901","132.31582948298163","256.0523635499289","266.69317814559815","219.00302325291537","51.14057649146246","2866.803920164881"
13,1,1,2,5,53,98,104,77,68,342,445,"21.277038287226326","154.85799681286207","38.51772541845081","29.802785205514894","170.77048196768823","226.22162332565964","695.6527401320649"
14,2,4,5,5,91,82,62,254,217,21,289,"49.344372038290565","161.7018646280149","290.1161066207577","329.32617730035366","79.08794902870414","483.39923551706465","1417.2290417518798"
15,3,2,8,5,98,25,60,196,373,305,48,"95.37200297837023","170.34481843575125","46.865172069051276","111.18711886755364","36.69603306627034","347.9335168970837","2414.3555640774125"
16,4,2,9,5,28,89,1,35,184,170,283,"93.03977564836357","171.87640931314692","47.528195851894885","264.119410843617","19.635939426899675","144.47776439966827","335.0076470370833"
17,5,4,7,5,16,5,40,197,124,396,354,"5.70068244327766","52.728297571658025","73.79133194375129","270.8508042795346","103.26321200937272","315.72464439365","2665.813724448038"
18,6,8,9,5,30,53,115,83,48,314,342,"10.940076388095942","45.53497432512374","42.16116916585205","6.51690774285929","191.80538943087404","364.13991037879777","730.0753343170957"
19,7,8,8,5,79,46,150,197,27,10,495,"5.655004429071142","176.16412587795298","232.49438099540296","198.3343007747966","61.73682481473675","179.47483379132217","1553.349018384037"
20,1,1,4,5,11,78,42,179,331,368,530,"56.53366016733594","3.669896254805649","91.9552469962386","254.59110262808542","287.6175584632634","441.1828350422406","1773.2544728878543"
21,2,2,3,5,17,60,6,26,159,383,176,"23.08986781032982","91.64074398729771","18.67280672617798","136.70723991682632","335.4932922359666","316.1338492627674","919.8470872981352"
22,3,6,7,5,56,58,57,128,381,443,535,"45.4354280602175","46.50953932103605","125.46328964085276","131.7520424042284","15.626646578988158","68.26043737293507","598.4605332894564"
23,4,6,2,5,12,19,58,222,96,148,436,"69.71443506515003","162.09353385368672","81.71049243561488","29.054893743962616","47.59529131950008","364.57269576671507","1569.0362438984907"
24,5,5,7,5,5,66,6,44,257,273,86,"95.40744993077755","175.15222721867693","227.60157111189335","234.155828914743","339.98478674644787","114.60575672816393","1203.1164715636198"
25,6,1,1,5,40,69,15,27,253,199,574,"44.528307402268865","59.626095837529604","37.101414557677174","286.32721836065315","360.2668138579846","501.5874667191323","1846.9211077956975"
26,7,4,3,5,10,9,97,97,342,408,320,"5.96639462987566","20.472750129258355","146.26192631568702","285.84294742933685","436.8866336616632","154.68266967653287","1892.5590761600995"
27,1,3,3,5,88,68,25,112,376,444,325,"7.756328959034187","105.31655033381115","288.3712427634031","247.95437273317654","120.11850693159775","287.2437869260043","2517.1872790498155"
28,2,5,2,5,32,58,55,13,255,101,425,"28.21479354934292","194.01485420699527","196.2935989278581","393.0460738530111","22.548555921435675","222.99388891624653","2416.048316937739"
29,3,8,3,5,88,8,48,112,317,437,112,"2.174406070120105","67.42703690799978","264.4473063278931","223.013490080954","178.6217506133984","381.27289285824247","2093.2042926661916"
30,4,2,3,5,29,3,101,227,335,292,8,"70.45538347790045","61.17450157815618","45.566631890050004","196.79555981159842","473.16876837143434","412.6058571922981","2903.5995599003854"
31,5,1,2,5,8,0,37,105,68,500,145,"70.44775994677313","89.24212691782569","14.93740192195635","55.96399670431937","208.13901966681016","352.1048498094944","2789.7697672115805"
1,6,9,7,6,81,20,14,188,169,197,417,"82.75529331350559","86.31696294771581","285.26410820352555","381.826635705122","384.61833166443614","264.63640329960214","347.7034887706857"
2,7,7,1,6,9,2,89,182,228,440,379,"71.36143903887577","26.680924652019456","132.13008601623088","21.12715415589812","407.87204976312927","369.5189533881812","2964.4074053674926"
3,1,2,3,6,88,74,188,260,47,320,232,"95.24570115253249","74.92389859267394","83.39330966543736","305.251706897826","469.27886100135964","406.59201908979037","2707.9012126351204"
4,2,8,5,6,31,47,0,176,45,313,278,"48.871594968044086","169.35621110275193","223.69816686652243","239.9077662104825","160.17501482691614","572.9742056425878","196.2734666838325"
5,3,4,3,6,1,14,22,215,121,491,481,"72.77308438738449","142.0800529408704","188.45336586472303","389.3820119635902","69.44174395066361","567.8985080326669","26.985834987028447"
6,4,2,6,6,80,75,50,282,123,220,208,"46.314404159108825","96.14979650911282","264.6987173166233","76.29113641653103","403.04888697211135","518.5089454501119","2346.4159142211693"
7,5,7,4,6,100,16,196,243,374,118,305,"52.65465202209293","78.99473516154269","38.28165305567296","348.71395598575936","58.102729391422415","566.696328385241","2810.2581875514807"
8,6,4,7,6,59,10,77,25,353,370,296,"52.203998707124136","126.42519260456294","23.965463912282114","319.70521666684476","318.0748572419697","246.61545196804659","138.50458442335102"
9,7,7,8,6,80,96,63,175,287,432,83,"72.62090337146152","75.43907097319216","113.68295639551714","71.48936610885777","391.3251221463585","348.95790054031386","2273.152541524712"
10,1,5,1,6,69,99,169,6,292,330,67,"60.89446168678899","153.00440286416665","27.354456754515823","351.37551678149094","177.8861683087534","289.61025151240483","1971.0566980004926"
11,2,7,2,6,39,90,95,107,131,268,479,"73.55884217835607","78.66411040486565","13.107060999342647","320.3612326447329","133.26257676522025","149.43500574236208","2558.831573719603"
12,3,3,4,6,78,52,160,166,89,383,600,"2.006507978464245","103.6607913284012","230.2026056246681","185.0829708445883","448.21418011183056","542.0028311625672","1110.1909192767475"
13,4,2,5,6,94,60,14,141,358,289,150,"66.41295805830852","166.72125699181782","296.9891012647948","253.73825016501036","347.53380239244","368.7150615452942","2719.1233317915676"
14,5,6,9,6,26,8,67,228,1,7,547,"61.051631525244","166.4804326646524","161.18959855539754","14.481665077211625","111.26193861953982","208.98039104253024","1928.187879290606"
15,6,9,7,6,30,44,10,42,234,69,110,"39.711644393854485","96.37629837445232","224.54014515809533","43.846248612483095","9.305284534503855","90.412892712386","2458.630777381025"
16,7,1,2,6,27,82,168,188,107,244,575,"89.95778485373607","41.04581594270837","167.50928662380142","72.50333933993605","146.4603231338017","530.1953180498275","2823.267333352236"
17,1,8,9,6,47,23,61,21,222,371,405,"9.799977442568398","19.807720969963306","200.52759385669114","391.3097691159894","260.4026313987962","217.48686267265472","2417.6778307762615"
18,2,8,3,6,94,69,11,261,300,275,135,"52.31450948038792","44.50213542960457","32.97472988603124","353.1781907096451","301.1094514216531","43.36265683736893","2848.113846709879"
19,3,1,9,6,24,77,155,104,264,66,429,"26.16147568684927","17.997257811764868","145.78171356974227","358.2062343979882","48.82168874118564","449.89188943304924","1452.164141683082"
20,4,7,7,6,42,37,71,229,227,442,572,"95.52370033160632","28.109357974564553","253.84337880736913","293.3540025041832","341.50396272715415","122.4844477757572","1790.6894150208734"
21,5,7,9,6,87,21,84,161,373,440,277,"22.17500781147834","38.644799253898874","244.50358859401084","262.1978085019103","393.0070276081262","483.07823483655176","2342.5184105369326"
22,6,5,6,6,62,37,68,268,371,5,26,"49.2543420952993","158.5514566710292","60.1591162675715","111.4378735082755","325.57834202439204","318.97882378169436","2127.3934954721603"
23,7,8,6,6,59,59,166,57,267,319,119,"66.09548854890105","189.23631758499158","9.634557843726277","42.82209782739028","208.67630748709144","368.0249466101301","1416.2645677749792"
24,1,1,9,6,55,42,47,154,300,95,107,"35.75944005844703","9.218730065510684","170.75365026266414","343.0563969211731","366.62998296161715","369.4489087938465","585.4261025252307"
25,2,8,8,6,6,40,4,281,146,156,111,"56.45384982045458","80.18664217974514","286.60079008054885","152.44718682645845","122.24352000856042","175.31548084098952","998.6949645261491"
26,3,1,2,6,96,18,3,115,35,431,247,"3.2298257947778186","179.83564068852357","171.7829323724665","291.36716147920504","226.5324225307","45.65775630279014","935.7279025132964"
27,4,5,8,6,11,1,71,52,104,386,533,"33.63174577995195","175.22924274727148","0.6829449165000501","320.0228372942812","78.59307865495396","258.18506662698866","2336.9001546928"
28,5,3,6,6,24,49,165,249,394,296,579,"17.490551573156033","137.38338689629174","121.05764464432936","265.6019392088409","497.7752182533756","501.5086792734086","563.5390729876103"
29,6,2,6,6,38,64,29,196,348,302,93,"59.57196482339094","99.15911419181387","271.84174872962933","89.3803701622677","105.83652504007458","414.28102000437997","2324.029147231858"
30,7,1,3,6,100,12,187,160,5,400,577,"11.267069394904949","14.529657007104447","251.51312302410165","364.9848247535917","346.11282321582144","143.99132681386772","1972.2488809157344"
1,1,7,7,7,21,46,8,106,304,160,543,"64.94991944277561","43.68375998879148","128.54430892220472","212.8988137884949","344.03416120612064","356.4136943223167","1939.3774354292314"
2,2,1,7,7,55,15,88,50,248,87,337,"85.95680755865641","163.48241670694898","278.01239342449765","52.029067835384346","333.6988665763537","165.94626778876852","1433.0989929439208"
3,3,8,3,7,35,52,72,234,65,81,203,"58.767219743734366","75.63372451371202","287.69614897925175","325.7084942537365","100.54202622625763","343.9035641309916","2421.8449931055"
4,4,7,9,7,2,43,31,139,316,205,556,"57.990115553199914","86.77351294668476","255.0570040258431","304.51413090887826","255.69151716943205","594.7026134336212","2282.3271115405055"
5,5,2,6,7,1,4,138,254,134,268,299,"29.112120353645032","176.60336504322905","101.40439366517","70.35804260961038","183.7956777395997","424.17691018936824","1473.0597692331644"
6,6,3,2,7,38,9,75,52,303,406,35,"68.59072528028534","61.0006689784091","22.57451054520252","21.70353127990903","83.754959941638","430.51507482994526","1340.507462166888"
7,7,1,8,7,99,17,7,196,209,85,481,"76.65140597545553","101.77634763131304","267.7545109906637","340.89438299033037","288.3112849458648","370.76984951506023","111.48034255234973"
8,1,9,6,7,1,83,42,134,304,281,284,"41.902759530530616","53.53376077891565","175.93470998984915","212.98948769632128","435.71336574666344","381.5918076514996","1217.0542432747761"
9,2,7,1,7,29,14,98,69,356,413,87,"43.03861762595491","139.67369445623953","262.59912981923816","28.410045468132683","287.7431160938701","484.3912536599516","512.9182018064652"
10,3,1,9,7,61,14,186,105,218,315,320,"88.05305624537603","187.25712807376013","101.0412453120246","212.6208238881477","368.17769200161206","543.2146680577503","2438.3107752351"
11,4,4,4,7,46,70,121,101,387,164,55,"32.11853500530747","111.91064342190967","272.25471579454853","259.5585517738324","33.7636000900855","328.5301936864342","2892.347730221587"
12,5,2,7,7,5,98,89,182,282,285,562,"50.179173647550755","131.9547748718563","178.10655962407455","356.6163699925859","356.35224524228096","146.29058018113008","2526.7857900928198"
13,6,6,6,7,58,66,95,138,165,361,377,"76.13278941136345","44.45566425936776","113.29571613251834","55.91181497999686","144.00278096367936","38.1917163101476","2.0326411048158244"
14,7,6,1,7,59,97,65,218,379,477,451,"75.33146011228436","78.0909933589113","58.01322667678317","135.42868517766405","479.1421026193976","555.333100181485","2777.671712718128"
15,1,7,6,7,99,11,85,238,104,203,492,"45.20880102946894","150.16702936865838","291.5899703158169","149.38166528265432","365.19954742384937","4.107134982377136","2304.7089396040906"
16,2,5,9,7,97,82,195,240,197,449,282,"9.588267937689398","90.55779593721125","185.60463907991647","329.24755835452595","381.248147633096","11.208505452878637","2104.1704666986807"
17,3,3,8,7,94,69,154,236,146,184,527,"51.960679343095165","148.94757556406762","298.7755790769804","321.12653870316035","317.40743624664356","554.1904223846459","906.6257051584826"
18,4,3,5,7,59,61,65,85,248,43,588,"19.58862295704199","123.48545887066791","44.36920151820406","388.31459316483006","46.82615241808769","528.3844884045919","394.5501052030351"
19,5,4,2,7,98,70,117,288,224,129,398,"8.274502136796347","39.44812483672238","253.4900678292177","67.5507578628669","250.40986796188542","144.04252438326787","996.1757256236898"
20,6,6,1,7,63,36,45,166,193,316,125,"13.368461071061189","122.01114253353384","210.31164160530838","170.74466959680316","389.7812907231258","485.357164587314","1481.282872634484"
21,7,4,6,7,44,3,165,297,160,95,258,"10.162503934521705","47.39572408206529","299.5152243654779","20.698599714138588","405.26948802096314","469.5756422446357","765.0542038113593"
22,1,5,3,7,41,58,160,132,1,160,131,"52.94303042576982","161.74261621702198","39.08638906898536","392.50044715512183","412.27742936167033","580.4505306068354","2610.5050604980324"
23,2,9,9,7,21,9,171,99,19,305,313,"82.24918462543862","113.66999683611263","161.84378840851508","288.3940465795324","137.52950724375017","472.75579310687937","1192.6574187437252"
24,3,2,5,7,1,74,169,201,10,275,274,"73.49886095870298","134.79139647416883","256.76541912824337","298.9356570834275","85.62357960096051","370.76791396279435","2009.6047445952408"
25,4,6,4,7,34,37,136,127,257,443,24,"88.5044748477641","131.99482101940595","26.83077609636918","350.2571398889077","293.5315069771342","72.79430284770665","2485.2318439146106"
26,5,4,8,7,89,67,74,236,366,77,25,"58.73221081118933","66.19724958858404","47.76568500603556","215.6417857633814","434.03720126505397","399.8813906363587","246.60500320473466"
27,6,5,9,7,94,39,93,253,390,139,254,"72.51717321861096","155.18978846138862","212.8058664064228","74.96349685892967","459.69389556431264","282.20535128786537","706.1100083448637"
28,7,5,2,7,35,78,59,167,365,289,307,"60.979283623560335","80.84025577455355","251.06667514324585","102.72967326511963","332.395690743465","61.7753586774473","1704.4804295482916"
29,1,8,1,7,1,95,98,45,120,15,130,"64.07950625584763","138.68188699415927","56.328896040858126","4.753095465081847","259.675635079035","563.3090517992237","1267.1506744825945"
30,2,7,6,7,42,27,13,66,320,168,455,"23.462778585711785","188.6830604693116","247.6457097454998","328.177534132398","357.7205049813068","497.00442337110866","422.6831491604277"
31,3,1,1,7,89,70,150,270,31,351,135,"53.13671043043181","17.234349504094236","195.21393067436213","200.73551081044937","392.1075322621918","261.0276442960498","646.128185970586"
1,4,8,1,8,50,18,176,49,273,203,199,"63.20214833831665","153.4390541529182","238.22228454627765","236.81491130783797","277.46518575273905","174.74448889958717","869.7538872101402"
2,5,2,1,8,19,37,200,2,331,182,111,"28.41579152521556","55.132606396375294","81.97115036539793","139.98891774513544","336.3441726659835","0.20460824368602193","2253.080439229167"
3,6,9,6,8,19,23,38,283,384,135,320,"5.772339710229913","139.82064130772187","250.16681175415843","345.4009577665732","377.4910699187056","523.8527785153073","1849.3522374590655"
4,7,4,5,8,29,64,156,113,368,304,228,"41.7341326553459","181.8566872645261","180.9343945511303","100.1630383362004","344.7620902483424","482.5491013958596","1670.1882977371179"
5,1,6,8,8,86,50,37,206,286,472,118,"51.4286393326673","76.10428506955222","106.31121593885206","76.77397602776175","483.53920758558695","83.03511939581053","150.74177839185944"
6,2,1,9,8,43,54,81,88,371,153,597,"8.500249874858524","151.57792857700275","270.8347082996782","58.45093171091964","381.07001221485336","181.1514774311971","1195.106322683532"
7,3,5,3,8,93,2,26,241,245,339,151,"80.41775241247129","62.18582679467157","160.24849251253724","91.23083789159487","406.79775347161024","126.36226719611099","1036.009024156533"
8,4,2,7,8,37,17,46,118,86,338,129,"98.23996494086484","9.784695433415447","90.67500212707338","87.31692302766803","379.2052852676512","218.14200026387417","2836.7693667819203"
9,5,2,2,8,43,78,63,72,367,319,90,"19.004794910600374","125.7195304032355","169.89772572118207","79.3414157913192","243.85785772697577","519.5397140122888","1402.2798573215543"
10,6,9,3,8,27,78,62,184,385,252,241,"60.72652770093689","102.33430197812048","171.4884427012046","333.83201360064083","397.666066491623","590.2067969617138","840.3625299057403"
11,7,9,7,8,16,90,60,3,231,402,253,"51.86645059588828","145.77756402438868","128.61156948751616","347.3254820183927","418.34212789265996","5.372550614764537","1703.0179134119055"
12,1,2,8,8,38,98,22,193,347,486,361,"95.2783198897174","190.266371448528","251.31063687840737","198.56412253851644","345.53691274954383","59.65582887459735","1024.9024062220835"
13,2,9,2,8,77,42,14,182,242,459,275,"71.93706274564616","24.34719423293714","268.0354609959867","365.64455168771303","270.15340268834075","314.2823138934123","456.99793145212595"
14,3,9,3,8,78,13,181,12,198,75,161,"52.76772364192106","39.57114987256205","298.9066824681076","112.39464355551863","360.8542257703075","66.51823046623542","2050.9536487930195"
15,4,1,1,8,47,8,87,60,153,133,99,"64.1586355145547","119.07264386470334","274.3107794002687","234.26445829659906","472.3238612277958","266.85478410902317","934.2629061996823"
16,5,8,4,8,61,98,159,12,25,470,456,"88.96289244305122","166.1632279526695","91.66441123746634","291.4484845667629","188.32633531783512","428.4264341494032","997.5041264526566"
17,6,7,7,8,67,57,70,78,184,44,21,"20.556075401064298","149.70383336051643","278.9866876427395","158.71458461232302","290.672291399159","410.02392507100984","355.6885013841476"
18,7,6,2,8,57,61,43,50,71,138,344,"49.55515532911742","189.65449111995065","61.52621122491402","82.45678383954917","224.75482808838004","440.06165448926356","2427.007616783222"
19,1,9,5,8,43,75,87,260,203,386,258,"70.08648836243434","4.08629712888291","260.31407249815175","70.88744268638072","135.1919777166321","140.36036250737936","1712.4164025083537"
20,2,2,9,8,73,9,15,45,341,224,28,"86.67270418675658","65.74066100035303","11.385973148738938","145.259813661174","421.4073840364268","404.26630116402396","264.39231638404806"
21,3,5,1,8,62,32,85,263,382,29,460,"61.090156802101745","9.46242179068646","297.43627539832715","123.22774221812426","144.13907000335053","469.8685651605213","2167.2313175895515"
22,4,8,7,8,18,16,78,133,108,132,408,"60.652246158654386","15.393062348718134","104.71647807091558","327.10697260917465","10.742130219041911","213.93588828272482","15.708680767247296"
23,5,8,2,8,21,11,14,23,189,500,300,"90.03333435217425","23.543096625325145","298.3990281990928","16.119340725564513","303.1866220973989","444.3725101579148","1104.3813214124489"
24,6,9,8,8,8,10,128,20,331,404,403,"29.270509467236806","188.12358484486924","164.1775145218846","344.61424416387814","446.0195743271275","73.32003446254373","2454.1997879172577"
25,7,4,8,8,5,99,18,21,340,367,425,"39.341981968731574","76.02472671385866","74.41665197651398","347.77434197374293","267.0270393078988","349.63395402479966","2830.750129117996"
26,1,8,1,8,96,7,111,298,153,297,204,"96.05655364007562","2.5916305463090428","44.2232855651559","334.2416438834929","32.79184916308281","471.22100712719543","2665.344348023276"
27,2,6,1,8,16,65,0,121,102,67,580,"19.34090001357598","20.218675851704006","103.8769701948779","16.780676557295315","446.7284433210083","564.4258841442867","1601.6172677718566"
28,3,7,5,8,98,66,188,214,105,100,146,"25.714536141758238","38.40529601988199","157.63275668912493","176.753222314668","233.91963620222378","160.49864065656703","431.36557106782294"
29,4,4,9,8,84,39,84,60,259,393,114,"17.822429483484868","37.43740716167683","166.69825969956148","208.3808224081653","176.4878477213379","502.0747096848844","1672.3479966419022"
30,5,5,4,8,68,17,89,117,105,480,117,"54.902330786021416","1.2705579990356153","118.24426564733189","373.6911354429829","9.837797825919592","177.314947054022","2466.2066252562736"
31,6,9,9,8,19,68,177,152,10,164,200,"28.096562839639905","7.338478934092207","22.211142589533537","149.80962895641915","266.62469055703974","447.8353947488866","9.639047829245296"
1,7,2,8,9,16,94,75,172,113,343,40,"17.1817969406001","8.746904615763196","225.37333091201558","195.0455341017792","318.88425062011106","348.20369227734284","380.55853635093916"
2,1,7,7,9,4,10,158,113,367,56,217,"17.021556930586723","124.0865624189111","27.35045398196817","23.93904270943721","28.315078510199932","474.8594503644864","2235.216512450888"
3,2,3,3,9,7,74,19,193,378,408,239,"41.675582428038446","189.1416276675982","271.7684390145249","96.12267895891833","224.3881130153221","499.17467906946365","1106.1328027398006"
4,3,9,7,9,53,84,141,218,9,395,230,"48.294274618717296","152.65408802933175","193.83675621331284","285.1450801322945","133.91809646453817","47.881238241459954","2786.879772708326"
5,4,7,8,9,92,12,171,158,235,278,262,"16.965953163418146","58.78747710196792","227.86583564585447","198.32387900214655","43.369389547980866","343.106259153057","1643.2496214519485"
6,5,3,5,9,99,15,68,85,202,174,491,"76.72405003411131","27.496713235226732","213.4343270737342","25.740530682901586","371.384009248203","559.2371253174947","1500.44524714051"
7,6,8,5,9,13,84,183,37,357,423,335,"32.555225323612504","139.01706682261022","287.31387384306623","277.1867450945862","266.70072116560084","318.8663202242465","1272.5172828575814"
8,7,1,2,9,76,81,96,160,396,259,345,"67.83262240531175","178.50298831200604","65.69320536525791","91.13078284974283","417.23679804705205","390.5741725553677","877.0593614282932"
9,1,5,2,9,59,60,134,128,39,259,358,"20.826774114945046","165.25992231259394","51.4599583809756","276.72087100419304","303.4295446072995","148.46511420631992","2665.006781869817"
10,2,7,3,9,59,39,135,88,263,297,483,"43.61242679435574","43.8773721944985","274.00768077562947","257.27307706050084","310.13717744463526","203.7172943042088","161.6708447613099"
11,3,2,2,9,85,83,131,263,56,63,181,"16.910090262423694","29.31689463596523","125.18930454423709","303.69540483216946","296.5882317911476","509.6265399509287","74.7293463328389"
12,4,1,4,9,74,80,174,100,2,142,366,"20.327639354618775","75.85455631935838","144.23948800335182","199.67726616276994","96.43006989780945","328.3187825207463","1793.106017272989"
13,5,5,6,9,37,67,150,21,165,72,358,"10.58953514286628","49.064272286791734","279.81906348917875","327.01736378047684","28.817066720014495","202.95595705125592","1510.0928818498273"
14,6,6,3,9,89,36,46,287,55,39,204,"85.59645684968658","140.14272576738668","204.05882320197685","37.10621296279957","228.0294802160372","103.85277679769867","2726.0938566559635"
15,7,9,5,9,65,26,41,247,215,314,63,"85.37366079632542","77.98923057622262","13.456356754582966","351.96189424178516","420.04125750552345","461.4601658314736","1164.2932679691335"
16,1,1,5,9,48,47,157,184,290,428,45,"79.53990980768178","6.248086493346294","282.7950791382942","134.09926372089694","30.85067220968485","506.9500528392337","668.7903707430552"
17,2,2,2,9,50,66,70,286,53,240,146,"3.0725529840129995","129.10970791478536","210.95366799822804","44.37564689205766","294.17257900646086","11.588432627248801","2323.83293343959"
18,3,5,3,9,39,99,151,260,236,436,219,"99.44178170642071","80.59751343271395","49.64951879500771","336.682104171507","453.4934513219409","338.807038838898","574.6704665742936"
19,4,7,4,9,83,13,145,54,33,3,254,"3.4865632987341355","117.00772675472723","140.58763220994584","133.6662524036469","397.680776095242","419.9167658563383","66.39073899979364"
20,5,7,6,9,45,23,101,243,145,346,581,"4.883906243728764","191.06932000080826","159.4324438748692","290.96415080192594","281.25709084348","513.7788928109215","519.1330774915409"
21,6,2,6,9,64,43,123,240,37,25,299,"47.26582601701674","130.7208197067134","280.340419695724","204.24401876464785","87.61974331167494","439.0524901505884","214.1396804802057"
22,7,1,7,9,81,19,113,238,313,305,116,"83.40720817468572","85.00359279513322","18.81427086820555","308.8950165658418","19.019160617067154","66.14831061014857","1875.7700678340439"
23,1,2,7,9,84,65,38,219,116,336,340,"50.867238441461595","138.40234293995337","279.70137904707286","145.16338963805535","243.26671498719682","309.875657015512","1822.5155803102834"
24,2,5,6,9,44,89,121,290,14,242,318,"81.12778875135882","120.13452152361901","264.64837156162696","270.8278462619954","423.88425802713914","539.5645572487571","2824.8847379422195"
25,3,8,8,9,80,37,157,148,189,310,578,"76.66927404319037","89.74358912652075","82.74619222994998","298.1491019919022","412.7383095622565","328.45916018939346","2805.12451943145"
26,4,7,4,9,2,35,96,65,17,167,462,"23.292399210300175","152.05689794537233","75.84864127044158","90.46256081537254","491.8903461069043","364.6484289932526","856.3578534633459"
27,5,2,2,9,71,52,135,199,203,335,346,"93.31814443240648","125.31765827964149","5.995572608257815","155.34002628401527","471.3423132461869","480.262087875739","507.9802454236017"
28,6,3,5,9,7,27,158,1,397,100,139,"55.33498360864385","143.3166736486156","64.36818231954732","373.62071841738475","124.28169666115657","226.67819213474917","2765.32255105819"
29,7,7,9,9,24,31,76,202,23,278,12,"69.78814588748506","103.65261092591098","186.16300470837265","148.6567369549196","408.4994291724773","102.86007832846711","2114.9564326399095"
30,1,6,8,9,14,61,0,18,299,12,582,"33.32017209373483","69.85924108449038","246.53666854058812","160.07182630037536","493.1276089964797","347.0485108050385","2164.6737445477147"
1,2,1,7,10,39,86,20,129,321,170,175,"46.445719133131355","157.32825962018546","54.46126968796463","201.94913365293306","370.10755947317733","186.30647243970407","2901.8440350563806"
2,3,3,2,10,70,68,105,199,19,104,501,"38.11028518251097","193.18332828681216","111.04844743082887","360.0150071999785","219.0624402385653","263.38167574754675","924.8588239581856"
3,4,4,8,10,27,85,196,44,204,446,345,"16.550238847571464","115.67257725546571","153.7793791616513","399.0425402520264","460.78103525152596","392.95987931760897","962.8258146128723"
4,5,3,7,10,76,98,109,267,301,192,478,"3.5203421623993925","11.106239757948932","211.24199749090926","376.27582620158586","246.47799122528048","463.3007551261044","371.92019924141516"
5,6,9,1,10,12,12,37,91,365,251,508,"63.77485180495566","104.45697181868196","192.12215600119333","117.17735287498937","374.2093425275904","86.6504676220394","1547.9430544675529"
6,7,6,7,10,28,62,54,289,218,416,103,"96.12358237871892","103.80863122160193","192.96961584599543","62.1397611207164","447.2501903840349","512.9150535784378","1245.899231512489"
7,1,2,2,10,44,90,200,215,76,103,108,"95.42463793929215","188.80261230775744","226.11256793990057","94.07923410649994","366.5981075073737","559.0309035272393","799.2234208503011"
8,2,3,4,10,69,61,197,29,1,290,218,"97.70915202338429","51.2233359257094","173.41365799206133","214.28547100249293","29.022229850583557","261.7298313090759","1202.7490962354723"
9,3,1,5,10,77,79,81,183,44,38,495,"43.60793792061235","164.73705853384718","28.916220723773545","355.7551602006774","466.83707058768397","432.83542269098547","2120.490489728593"
10,4,6,1,10,74,85,116,168,7,128,61,"81.69430590250937","68.38292544982754","12.46351056333852","293.16714443890294","323.64514118229926","215.64439524368098","1444.2506911000796"
11,5,1,7,10,95,16,1,281,269,254,496,"33.58100279406605","100.77218128848244","259.78705646500333","165.01521747287583","306.5870935277715","518.4746503674647","2619.6877307133554"
12,6,9,9,10,4,42,127,263,400,55,301,"90.65882355426758","178.90482096504175","70.6455513682535","41.99473109227569","357.26010216938613","50.31203156925261","1314.2905829705069"
13,7,6,9,10,91,95,194,209,12,200,182,"11.541954869929672","85.84755387912384","188.45028791309014","232.54669144525573","400.32175797229314","417.5174155058814","1220.0830490536812"
14,1,6,3,10,4,41,172,33,282,277,577,"23.18023160359628","107.14008621103766","167.61617965104432","236.7175263293885","215.93647371267687","224.8078308410632","813.7425570770178"
15,2,3,7,10,24,5,144,196,135,323,100,"11.56137332651792","129.60867458483222","80.31291659002294","282.08742646057027","456.76032993759173","82.34995078354541","2143.4223428993582"
16,3,2,5,10,82,5,77,159,186,267,344,"8.326807913448631","150.08841810046312","26.010257113965217","127.60302940585184","326.95531091442007","566.1179815979764","1685.082872509073"
17,4,6,8,10,39,95,170,218,218,32,542,"1.0565435603811069","23.232227039245036","254.68175468008494","144.82735413209312","179.69859782835417","70.23001787976287","1980.5642197751295"
18,5,5,7,10,2,83,186,167,7,419,179,"62.041940834615936","131.06277583636833","251.72127377524058","111.6130877697516","256.20923531813753","531.3977594138348","323.4671348006454"
19,6,4,4,10,54,40,99,5,113,471,300,"97.74416707916686","32.166895424057174","34.79072329701848","363.20384578083787","12.788142152777516","477.2167065477186","519.7761245696413"
20,7,3,3,10,61,28,33,153,393,301,243,"62.23238705711811","155.58610715763504","251.83342930001413","206.40190226475318","430.13729985969155","389.60377184498196","2560.589487252055"
21,1,5,4,10,59,95,185,37,333,81,423,"30.795144640812023","144.0780702663841","45.249076205655655","14.860217120932795","404.4939514967841","189.36906948349494","1558.0793440965167"
22,2,7,1,10,13,79,8,88,94,203,61,"67.26300336566733","167.96941697829592","283.36751407074024","2.477311395289572","51.869786193405545","541.138272963207","1825.8262164735481"
23,3,8,6,10,22,87,13,25,231,420,235,"49.970081810849045","159.60678168546104","58.942871683027406","238.17339328678332","29.120505452337465","484.5253293040748","203.13051507539748"
24,4,7,8,10,23,43,131,184,78,72,84,"3.8377961856788656","65.63365894174244","176.1854109032948","89.55509229619354","404.2811115170742","448.7038633084379","853.5352743519436"
25,5,1,3,10,3,10,107,94,387,413,336,"38.44892458345226","96.5802117566593","172.75521189184073","93.24572569366958","170.14469202667354","77.61340801962947","1811.5760405065953"
26,6,6,3,10,76,55,175,236,309,305,574,"29.9114022778206","77.90743075291171","162.476684916406","320.53311192824424","254.90624361985448","252.8339113657225","1415.8943289961537"
27,7,1,5,10,4,2,174,51,87,374,402,"12.615616110868189","46.89317186781423","195.43490126115503","313.7446697912329","207.39960729390205","451.2172094972341","1986.2773790245813"
28,1,9,8,10,49,75,13,55,270,351,6,"16.251069369241044","148.66878861555088","266.9913473916525","391.5053544995077","293.1333644586602","334.3604215841997","1917.098980610896"
29,2,6,2,10,41,94,78,110,301,169,273,"48.128542552696","82.91213491786516","235.35206790514778","399.1422390476503","447.6160533449999","560.6152576447599","1771.1425882032675"
30,3,9,9,10,49,17,164,281,204,213,451,"91.01438958667913","113.37547847737599","244.09804190653927","114.2964668761604","438.15674486174026","367.22005048861536","2390.833311428949"
31,4,6,9,10,96,47,74,203,386,109,518,"33.52543818901263","129.35178924116283","135.10132506601806","360.8393671070179","449.59708809002086","439.9869738832039","1196.8262877630505"
1,5,9,6,11,36,34,16,233,54,390,334,"31.029163776347424","8.17634012575672","141.02937341122802","306.36727617067356","214.1266492385425","561.1678068571331","2659.6908310445"
2,6,6,4,11,61,63,79,254,382,141,541,"93.48068197195538","191.9785191332082","26.20845545581253","285.1908411873623","344.05871682116157","352.40374762550636","315.2922090799368"
3,7,2,8,11,60,84,73,150,17,133,163,"70.168389796568","103.67773135299556","132.9557468057123","312.2846335865793","233.02794213619376","276.9624765967327","559.758581622505"
4,1,1,4,11,65,56,123,29,127,102,458,"81.10567433503716","22.215076144091995","44.79000271778063","318.3254715016269","25.489395420639493","409.4331976063156","1583.5394535765427"
5,2,2,5,11,15,80,25,113,274,487,433,"30.826540625540012","153.75421463323903","192.88445407498912","374.5592757813328","147.36287551583655","307.5990412155167","1854.8883245087384"
6,3,6,6,11,9,71,153,127,88,476,600,"48.658866137724075","87.43012417103499","209.93568243504842","392.47283294152385","202.79224277060482","254.40105128778572","1962.3610469046334"
7,4,8,3,11,35,41,121,91,325,452,434,"78.68217613471809","114.24857118859082","266.3949778809426","386.2821303641892","189.29505262048312","389.60355359459356","1311.8491863320148"
8,5,1,2,11,71,45,16,2,131,456,446,"98.96041639737261","9.30251643279325","239.56782280197072","298.80201572120774","336.50363660409766","526.3198345268355","21.97146157202745"
9,6,1,6,11,96,90,196,146,166,281,474,"85.40443254094185","99.87955214337228","246.43201070003695","44.33179103789775","426.52548811598353","511.7092159597506","1537.212016079141"
10,7,1,5,11,34,100,5,271,310,315,468,"16.13293828555439","160.5487724063713","193.12392360563507","202.3330697915421","314.7902162845548","153.8415954492612","1048.5453960420596"
11,1,5,3,11,72,2,186,294,176,98,77,"97.26396487151003","93.48615699639306","169.16429345192904","92.9593867931919","166.10464858015882","31.905028172816195","2870.958980634582"
12,2,3,8,11,73,45,41,56,1,238,258,"76.10134497879703","154.53976098242387","95.80113182636806","43.54599087615103","464.63552222450824","246.89205356837414","1480.2255965546967"
13,3,4,8,11,53,60,55,18,225,82,597,"59.537204721511664","78.08646274557714","273.7231564498023","298.6871844207468","204.18238629689932","562.284035178099","219.75609757397518"
14,4,5,5,11,92,91,34,91,245,393,104,"80.4902960931815","127.23689873195896","230.35120882309576","142.50826010130376","107.4909866656264","274.13861975588725","2188.70476377755"
15,5,2,1,11,42,46,7,87,104,495,481,"46.828094894693706","157.24394517485035","192.6477548187725","2.5058824746547526","439.8324069721837","316.36110847644784","2012.791385070543"
16,6,9,1,11,54,49,133,58,8,360,168,"32.61507293784691","121.208947882809","126.82363450460157","108.30935472849683","357.1830226905581","149.71680411432925","2721.633305240457"
17,7,1,3,11,42,57,74,228,365,87,286,"26.363067803623373","10.406718188155594","75.04569962576518","347.35915230207075","8.859829501864592","484.93985898457976","1752.240446919367"
18,1,6,1,11,38,11,131,53,42,167,149,"31.668202218767703","114.65764138596175","51.202257003785256","118.5189597086513","69.60755917800331","422.5776122762213","1208.4086538139488"
19,2,6,8,11,55,1,41,237,104,55,556,"68.778919550282","80.95887065067366","295.5371328225049","61.338087330802395","306.1832744505109","352.4900692185071","164.87196722734166"
20,3,5,9,11,42,83,138,159,177,142,530,"69.55402101936133","91.22095225642641","35.858295162902884","286.2031397678466","334.4996914237432","25.019159909474496","2962.57429895229"
21,4,8,3,11,26,64,58,74,101,421,86,"99.34267707726029","193.60623161010037","287.86142850616824","6.510013984065255","441.5958175532325","42.47465277213549","805.7298099411145"
22,5,5,7,11,73,13,72,68,349,433,551,"95.0600330091151","132.81425812613003","272.9654406973072","99.51562112629553","235.11959725809228","222.71334830191012","1103.5719892038755"
23,6,4,8,11,69,49,158,3,190,274,125,"12.782871994962408","29.4592289597003","140.33927771596498","379.1924660649369","176.87130256561545","276.7681597385874","580.7537684535748"
24,7,5,6,11,5,93,112,40,247,481,141,"66.57463089249246","198.32659908919038","186.94864193141638","275.4926631891272","2.2113950309403108","461.4237068044843","2294.0902047247037"
25,1,2,4,11,83,68,51,225,137,135,10,"15.636383429141409","150.40138227242124","24.912037844289003","257.49099845369045","58.59711601924472","97.47534169217505","1252.6372562985625"
26,2,4,1,11,57,50,10,252,99,79,4,"72.13640310681596","87.53322733633931","86.74059871494256","176.82660282289814","267.1498989213156","337.5489873650399","489.0749506597204"
27,3,8,8,11,58,67,189,111,14,212,464,"24.252657939697354","10.073049715732264","248.07843014548314","284.9186739640692","387.4112366806547","385.28637589220745","810.0074275656256"
28,4,5,9,11,33,100,99,148,242,256,318,"30.42350180688953","32.39695485672427","170.86498439605995","314.8668642596182","239.82453183403928","269.55843179568024","2953.789060294927"
29,5,3,2,11,73,42,44,148,205,356,157,"68.2422723733573","175.53739654866027","277.94672668754197","124.57045518757894","103.23969864861665","218.31831691616736","1388.909477646815"
30,6,9,6,11,31,83,155,300,80,340,546,"44.5026650381749","164.63938848066678","99.82239815517744","276.9588099780334","278.34904934204377","341.39459428253815","1931.4395405119058"
1,7,7,6,12,71,15,193,95,227,479,305,"90.38819618371309","194.42334336790327","139.4417235457284","260.8833061957798","386.80862056611153","547.6175701870775","474.58204504009547"
2,1,2,7,12,74,79,171,15,55,127,469,"97.93850458565562","4.768194048070473","52.15727221776319","49.427974324624515","403.84165941273744","262.9602003521203","2059.652783336973"
3,2,2,5,12,38,45,178,201,56,177,283,"12.033766039120763","165.4311336768299","134.3295718916033","136.20166320114944","165.8868181772165","168.6474553859711","8.985482696436398"
4,3,3,9,12,67,19,174,204,280,247,118,"97.17255655343713","43.83614011884023","265.5019800148049","167.0173832961647","58.1061088844097","190.95944468948844","156.9618442874149"
5,4,9,1,12,41,29,177,25,172,195,116,"77.5792634326223","108.83116270937458","87.7085895898422","291.22731712967845","369.7001719894554","5.498743687350682","2751.0940602285636"
6,5,6,4,12,1,66,177,217,351,494,101,"73.74518049979073","138.53834449657836","32.99271336209467","195.63238722529613","289.3073091316328","348.214749544574","2507.532024305298"
7,6,7,1,12,29,57,131,104,97,483,212,"81.86070043669044","160.44529760027714","187.27926287468281","327.28991197811814","44.37773867012279","38.345043232276964","34.7947898471177"
8,7,1,7,12,83,75,186,6,127,267,462,"2.562616270349838","126.68289476247539","97.80121869827924","324.72806927334864","270.56662240526424","553.9910274082637","1217.2195025601127"
9,1,8,9,12,35,95,22,224,160,183,240,"91.88923918907822","141.79932171390413","199.8666054969259","346.08100368143886","230.10117073181974","557.2499385263427","575.1233296579817"
10,2,8,7,12,100,59,166,259,118,237,15,"36.70316939706135","57.435689228171995","26.343767981222133","84.67074938822262","104.04102314499181","157.28059469803515","1317.0156917351378"
11,3,1,9,12,45,18,150,11,90,343,472,"54.663159570076104","160.80622321908476","269.05768481883985","330.69089686517503","252.24734036980766","496.2472896977366","2365.989495353228"
12,4,9,1,12,88,68,112,265,12,358,204,"33.011013826762934","127.22375469174231","114.65099239739965","234.01948705807268","444.9441005305977","456.2564648416392","1071.5429794524102"
13,5,7,9,12,80,97,83,217,356,418,575,"29.087606295868472","96.56742377226925","193.4785827326201","337.24959522560266","245.61372441676139","303.7448941614609","2231.751835849626"
14,6,9,1,12,46,61,140,39,50,107,232,"94.22806690682592","117.18946036707491","255.48629111095798","312.97471078155036","365.1625712074228","396.5672540724647","2013.6480163980077"
15,7,3,6,12,72,58,180,238,229,245,283,"19.1800598942349","86.53663585021259","145.90302755512195","24.08944567255178","483.88565722865786","163.30562437719692","2866.090385543887"
16,1,2,7,12,31,66,137,171,329,332,229,"78.70193818317081","79.95768776336298","102.34722921050621","81.49203828101128","440.1251401130257","461.12832356809474","1204.1804710277609"
17,2,4,9,12,92,99,76,286,100,350,93,"57.79212729782665","14.708910186310064","139.9371274859558","7.707500786712274","231.38448048423928","347.94579772326045","134.64789781532616"
18,3,2,2,12,91,96,200,4,153,481,7,"17.738239891382936","138.1522404970082","17.427895831232153","379.1410074158234","447.6853181698463","244.72445026723602","1544.9631185657065"
19,4,7,4,12,33,75,157,96,289,45,257,"36.20595691987242","66.78639190615631","289.989053316531","239.80548278575458","459.725392713829","218.5923440837119","955.3072314752919"
20,5,7,8,12,83,5,181,178,395,449,428,"63.20101553197777","187.97069135765585","41.816391078012735","261.9254534872668","179.22856759393918","223.0330642465042","2322.7764150667726"
21,6,5,3,12,32,66,52,11,175,490,512,"33.291564654366965","53.25044141050726","294.1524991052275","372.70114609123283","388.1346799358924","509.96509206274175","166.4759191809815"
22,7,4,5,12,74,35,51,229,15,32,152,"57.871777190432105","15.154510407349298","156.23763256883558","142.53423668925805","142.38060189058788","148.35496215426886","1920.2925274614208"
23,1,9,5,12,3,95,173,2,179,488,310,"42.346044302502975","156.8808094949396","92.50703355053743","5.683461030224102","159.2383948776866","531.3456935449558","1405.9679308862535"
24,2,8,1,12,56,48,8,275,277,298,291,"20.110367388559936","43.51234901708902","202.28984748620292","167.99486987893025","189.472517403512","487.0826900908311","2549.916418623807"
25,3,2,3,12,51,20,138,257,285,304,436,"16.982408994611053","130.5547849099482","250.83875175057528","94.74800850463242","209.59898134922966","511.0191235167552","890.9007361520405"
26,4,5,4,12,76,65,59,282,52,374,470,"96.10162146886503","139.69420697397018","133.30139980274592","16.481940337319934","444.27805198932793","89.54229785305915","1986.8159390388146"
27,5,9,5,12,85,19,116,131,350,468,51,"76.0105496336381","194.27958106509635","238.36635598181618","61.037223551873375","400.51937310070036","256.6266577812176","2802.6816141629606"
28,6,5,3,12,13,99,156,285,171,310,149,"45.292099282015876","159.55369105196837","286.7869417788642","327.44466389271025","96.85368295122332","399.89697130128997","2627.8593695354084"
29,7,2,4,12,7,72,95,299,285,364,91,"91.687382574222","108.98151635086404","45.92718881198886","303.89767602569225","13.878146059714936","148.83230761977185","2893.7315308884613"
30,1,4,5,12,44,3,141,73,227,110,214,"0.6388196804599899","21.084948943909087","270.3341816703377","239.97919034450646","424.42941289788456","445.94975407739","2801.1762011809715"
31,2,7,9,12,68,34,58,218,325,257,68,"9.433794541570107","4.323266138621751","72.71492600192269","178.20131714102416","90.24789727126581","77.75466303127195","1903.6540168548938"
